day,month,Cardnum_minmax,Merchnum_log,Merch description_log,Merch state_log,amount_log,Fraud
2,12,0.06885852377763513,5.505331942436345,7.997663160644848,5.347108006907831,5.4518968832927115,1
